en,ko,ja
Catch Cup,캐치컵,速成カップ
Catch Cup: Barcelona,캐치컵: 바르셀로나,速成カップ：バルセロナ
Catch Cup: Little Edition,캐치컵: 리틀 버전,速成カップ：リトルバージョン
Catch Cup: Mexico City,캐치컵: 멕시코 시티,速成カップ：メキシコシティ
Catch Cup: Seoul,캐치컵: 서울,速成カップ：ソウル
Catch Cup: Tainan,캐치컵: 타이난,速成カップ：台南
Catch Cup: Taipei,캐치컵: 타이베이,速成カップ：台北
Choose Bidoof!,비버니를 선택!,ビッパを選ぶ！
Choose Your League,리그를 선택해 주세요,どれに参戦しますか？
Color Cup: Great League Edition,4색컵: 슈퍼리그 버전,4色カップ：スーパーリーグバージョン
Electric Cup: Great League Edition,전기컵: 슈퍼리그 버전,でんきカップ：スーパーリーグバージョン
Element Cup Remix,엘리먼트컵Remix,エレメントカップRemix
Element Cup,엘리먼트컵,エレメントカップ
Evolution Cup,진화컵,進化カップ
Fantasy Cup: Great League Edition,판타지컵: 슈퍼리그 버전,ファンタジーカップ：スーパーリーグバージョン
Fantasy Cup: Ultra League Edition,판타지컵: 하이퍼리그 버전,ファンタジーカップ：ハイパーリーグバージョン
Fighting Cup,격투컵,かくとうカップ
Fighting Cup: Great League Edition Remix,격투컵: 슈퍼리그Ver.리믹스,かくとうカップ：スーパーリーグVer.リミックス
Flying Cup,비행컵,ひこうカップ
Fossil Cup,화석컵,かせきカップ
Galar Cup: Great League Edition,가라르컵: 슈퍼리그 버전,ガラルカップ：スーパーリーグバージョン
Galar Cup: Little Edition,가라르컵: 리틀 버전,ガラルカップ：リトルバージョン
Goyang Catch Cup,고양 캐치컵,コヤン速成カップ
Great League Remix,SL리믹스,SLリミックス
Great League,슈퍼리그,スーパーリーグ
Halloween Cup,핼러윈 컵,ハロウィンカップ
Halloween Cup: Great League Edition,핼러윈 컵: 슈퍼리그 버전,ハロウィンカップ：スーパーリーグバージョン
Halloween Cup: Little Edition,핼러윈 컵: 리틀 버전,ハロウィンカップ：リトルバージョン
Halloween Cup: Ultra League Edition,핼러윈컵 HLVer.,ハロウィンカップハイパーリーグVer.
Hisui Cup,히스이컵,ヒスイカップ
Hoenn Cup: Great League Edition,호연컵: 슈퍼리그 버전,ホウエンカップ：スーパーリーグバージョン
Holiday Cup,홀리데이컵,ホリデーカップ
Holiday Cup: Great League Edition,홀리데이컵: 슈퍼리그 버전,ホリデーカップ：スーパーリーグバージョン
Holiday Cup: Little Edition,홀리데이컵: 리틀 버전,ホリデーカップ：リトルバージョン
Holiday Cup: Ultra League Edition,홀리데이컵:하이퍼리그 버전,ホリデーカップ：ハイパーリーグバージョン
Johto Cup,성도컵,ジョウトカップ
Jungle Cup: Great League Edition,정글컵: 슈퍼리그 버전,ジャングルカップ：スーパーリーグバージョン
Kanto Cup,관동컵,カントーカップ
Little Cup Remix,리틀컵 리믹스,リトルカップRemix
Little Cup,리틀컵,リトルカップ
Little Jungle Cup Remix,리틀 정글컵 Remix,リトルジャングルRemix
Little Jungle Cup,리틀 정글컵,リトルジャングルカップ
Love Cup,러브컵,ラブラブカップ
Love Cup: Great League Edition,러브컵: 슈퍼리그 버전,ラブラブカップ：スーパーリーグバージョン
ML Premier Classic,ML 프리미어 클래식,MLプレミアクラシック
Master League Classic,ML 클래식,MLクラシック
Master League,마스터리그,マスターリーグ
Master League: Mega Edition,마스터리그: 메가 버전,マスターリーグ：メガバージョン
Master Premier,마스터 프리미어,マスタープレミア
Mountain Cup: Great League Edition,마운틴컵: 슈퍼리그 버전,硬質カップ：スーパーリーグバージョン
Post-Event Catch Cup: Taipei,이벤트 후 캐치컵: 타이베이,イベント後速成カップ：台北
Post-event Catch Cup: Goyang,이벤트 후 캐치컵: 고양,イベント後速成カップ（コヤン）
Post-event Catch Cup: Singapore,이벤트 캐치컵: 싱가포르,イベント後速成カップ：シンガポール
Premier Cup,프리미어컵,プレミアカップ
Psychic Cup,에스퍼컵,エスパーカップ
Retro Cup,레트로컵,レトロカップ
Scroll Cup: Great League Edition,스크롤컵: 슈퍼리그 버전,かけじくカップ：スーパーリーグバージョン
Seville Catch Cup,Seville 캐치컵,セビリア速成カップ
Singapore Catch Cup,싱가포르 캐치컵,シンガポール速成カップ
Single-type Cup: Great League Edition,싱글컵: 슈퍼리그 버전,シングルカップ：スーパーリーグバージョン
Sinnoh Cup,신오컵,シンオウカップ
Spring Cup: Great League Edition,스프링컵: 슈퍼리그 버전,春カップ：スーパーリーグバージョン
Summer Cup,섬머컵,サマーカップ
Summer Cup: Great League Edition,섬머컵: 슈퍼리그 버전,サマーカップ：スーパーリーグバージョン
Summer Cup: Ultra League Edition,섬머컵: 하이퍼리그 버전,サマーカップ：ハイパーリーグバージョン
Sunshine Cup: Great League Edition,선샤인컵: 슈퍼리그 버전,陽光カップ：スーパーリーグバージョン
UL Premier Classic,HL 프리미어 클래식,HLプレミアクラシック
Ultra League Remix,HL리믹스,HLリミックス
Ultra League,하이퍼리그,ハイパーリーグ
Ultra Premier,하이퍼 프리미어,ハイパープレミア
Weather Cup,자연계컵,自然界カップ
Weather Cup: Great League Edition,자연계컵: 슈퍼리그 버전,自然界カップ：スーパーリーグバージョン
Willpower Cup,경쟁심 컵,闘争心カップ
